Category,Product,Label
"Printers, Multifunction Devices",Brother DCP-L8450CDW,Nordic Swan
"Printers, Multifunction Devices",Brother DCP-9020CDW,Nordic Swan
"Printers, Multifunction Devices",Brother DCP-L6600DW,Nordic Swan
"Printers, Multifunction Devices",Brother DCP-L8400CDN,Nordic Swan
"Printers, Multifunction Devices",Brother DCP-J4120DW,Nordic Swan
"Printers, Multifunction Devices",Digital Copier DCP9015CDW,Nordic Swan
"Printers, Multifunction Devices",Brother DCP-L3517CDW,Nordic Swan
"Printers, Multifunction Devices",Brother MFC-9330CDW,Nordic Swan
"Printers, Multifunction Devices",Brother HL-3170CDW,Nordic Swan
"Printers, Multifunction Devices",Brother DCP-L5500DN,Nordic Swan
"Printers, Multifunction Devices",MFC-J4535DWXL,Nordic Swan
"Printers, Multifunction Devices",e-STUDIO400AC,Nordic Swan
"Printers, Multifunction Devices",e-STUDIO3018A,Nordic Swan
"Printers, Multifunction Devices",Brother MFC-L3750CDW,Nordic Swan
"Printers, Multifunction Devices",Toshiba e-STUDIO6506AC,Nordic Swan
"Printers, Multifunction Devices",Brother MFC-L9570CDW,Nordic Swan
"Printers, Multifunction Devices",e-STUDIO3508A,Nordic Swan
"Printers, Multifunction Devices",Brother MFC-J5730DW,Nordic Swan
"Printers, Multifunction Devices",Brother MFC â€“ J985DW,Nordic Swan
"Printers, Multifunction Devices",Brother MFC-J680DW,Nordic Swan
Batteries,Energizer Max AA Alkaline,Nordic Swan
Batteries,Energizer Max AA Alkaline,Nordic Swan
Batteries,Duracell Plus: AAA alkaline,Nordic Swan
Batteries,Duracell Plus: AAA alkaline,Nordic Swan
Batteries,Duracell Plus: AA alkaline,Nordic Swan
Batteries,Duracell Plus: AA alkaline,Nordic Swan
Batteries,"FAVORIT (Bergendahls), LR14",Nordic Swan
Batteries,ICA LR14,Nordic Swan
Batteries,Voniko LR20,Nordic Swan
Batteries,"Anslut, 6LR61",Nordic Swan
"Printers, Multifunction Devices",Brother HL-L3270CDW,Nordic Swan
"Printers, Multifunction Devices",Brother HL-J6100DW,Nordic Swan
"Printers, Multifunction Devices",e-STUDIO3508LP,Nordic Swan
"Printers, Multifunction Devices",Brother HL-L2310D,Nordic Swan
"Printers, Multifunction Devices",Brother HL-L5100DN,Nordic Swan
"Printers, Multifunction Devices",Brother HL-L9200CDWT,Nordic Swan
"Printers, Multifunction Devices",HL-J6010DW,Nordic Swan
"Printers, Multifunction Devices",Brother DCP-J572DW,Nordic Swan
"Printers, Multifunction Devices",Brother HL-L2357DW,Nordic Swan
"Printers, Multifunction Devices",Brother HL-L2350DW,Nordic Swan
Batteries,ENERGIZER Rech Power Plus AAA/E92 700mAh FSB4,Nordic Swan
Batteries,"Deltaco Rechargeable, AAA Size HR03 1000 mAh",Nordic Swan
Batteries,"Deltaco Rechargeable, AA Size HR6 2500 mAh",Nordic Swan
Batteries,VARTA RECHARGE ACCU Recycled AA 2100mAh,Nordic Swan
Batteries,ENERGIZER Rech Extreme AAA/E92 800mAh FSB4,Nordic Swan
Batteries,VARTA RECHARGE ACCU Power AA 2600mAh,Nordic Swan
Batteries,ENERGIZER Rech Power Plus AA/E91 2000mAh FSB4,Nordic Swan
Batteries,VARTA RECHARGE ACCU Recycled AAA 800mAh,Nordic Swan
Batteries,ENERGIZER Rech Extreme AA/E91 2300mAh FSB4,Nordic Swan
Batteries,"Ultra Power Rechargeable, AA Size HR6 2500 mAh",Nordic Swan
